álbum,música
 Transpiração Contínua Prolongada ,Tributo Ao Frango Da Malásia
 Transpiração Contínua Prolongada ,O Coro Vai Comê!
 Transpiração Contínua Prolongada ,Tudo O Que Ela Gosta De Escutar
 Transpiração Contínua Prolongada ,Sheik
 Transpiração Contínua Prolongada ,Hei Arreia...
 Transpiração Contínua Prolongada ,Gimme o Anel
 Transpiração Contínua Prolongada ,Molengol's Groove
 Transpiração Contínua Prolongada ,Aquela Paz
 Transpiração Contínua Prolongada ,Quinta-Feira
 Transpiração Contínua Prolongada ,Proibida Pra Mim (Grazon)
 Transpiração Contínua Prolongada ,Lombra
 Transpiração Contínua Prolongada ,Corra Vagabundo
 Transpiração Contínua Prolongada ,Falar Falar
 Transpiração Contínua Prolongada ,Festa
 Transpiração Contínua Prolongada ,Escalas Tropicais
 Transpiração Contínua Prolongada ,Charlie Brown Jr.
 Preço Curto... Prazo Longo ,Confisco
 Preço Curto... Prazo Longo ,Zóio de Lula
 Preço Curto... Prazo Longo ,Resolve O Meu Problema Aí
 Preço Curto... Prazo Longo ,Te Levar
 Preço Curto... Prazo Longo ,"O Que É Da Casa, É Da Casa"
 Preço Curto... Prazo Longo ,O Preço
 Preço Curto... Prazo Longo ,Não Deixe o Mar te Engolir
 Preço Curto... Prazo Longo ,Hoje De Noite
 Preço Curto... Prazo Longo ,Bons Aliados
 Preço Curto... Prazo Longo ,Puxa Carro
 Preço Curto... Prazo Longo ,União
 Preço Curto... Prazo Longo ,Aquele Velho Carteado E Algumas Manobrinhas
 Preço Curto... Prazo Longo ,333
 Preço Curto... Prazo Longo ,Mantenha A Dúvida
 Preço Curto... Prazo Longo ,Do Surf
 Preço Curto... Prazo Longo ,História Mal Escrita
 Preço Curto... Prazo Longo ,Chicanos (Skate nos Canos)
 Preço Curto... Prazo Longo ,A Grande Volta
 Preço Curto... Prazo Longo ,Cruzei Uma Doida
 Preço Curto... Prazo Longo ,12 + 1
 Preço Curto... Prazo Longo ,Cidade Grande
 Preço Curto... Prazo Longo ,Local
 Preço Curto... Prazo Longo ,Muito Antes De Você
 Preço Curto... Prazo Longo ,"Depois de Uma Bela Session, Um Belo Sofá, Pizza e Grafite"
 Preço Curto... Prazo Longo ,Deu Entrada Pra Subir
 Nadando Com Os Tubarões ,Rubão O Dono Do Mundo
 Nadando Com Os Tubarões ,Ralé
 Nadando Com Os Tubarões ,O Penetra
 Nadando Com Os Tubarões ,Tudo Mudar
 Nadando Com Os Tubarões ,Fichado
 Nadando Com Os Tubarões ,Ouviu-se Falar
 Nadando Com Os Tubarões ,Amor Pelas Ruas
 Nadando Com Os Tubarões ,Essa é Pra Quem Ficou Pra Trás
 Nadando Com Os Tubarões ,Transar No Escuro
 Nadando Com Os Tubarões ,Fundão
 Nadando Com Os Tubarões ,Talvez a Metade do Caminho
 Nadando Com Os Tubarões ,Pra Mais Tarde Fazermos A Cabeça
 Nadando Com Os Tubarões ,"No Desafio, Ibiraboys / a União Prevalece / Musica Incidental: A Bola do Mundo"
 Nadando Com Os Tubarões ,Trocando Uma Idéia Com Deus
 100% Charlie Brown Jr. - Abalando a Sua Fábrica ,Eu Protesto
 100% Charlie Brown Jr. - Abalando a Sua Fábrica ,Hoje Eu Acordei Feliz
 100% Charlie Brown Jr. - Abalando a Sua Fábrica ,Sino Dourado
 100% Charlie Brown Jr. - Abalando a Sua Fábrica ,Quebra-Mar
 100% Charlie Brown Jr. - Abalando a Sua Fábrica ,Lugar Ao Sol
 100% Charlie Brown Jr. - Abalando a Sua Fábrica ,Descubra O Que Há De Errado Com Você
 100% Charlie Brown Jr. - Abalando a Sua Fábrica ,Só Lazer
 100% Charlie Brown Jr. - Abalando a Sua Fábrica ,"Você Vai de Limusine, Eu Vou de Trem"
 100% Charlie Brown Jr. - Abalando a Sua Fábrica ,O Lado Certo Da Vida Errada
 100% Charlie Brown Jr. - Abalando a Sua Fábrica ,T.F.D.P.
 100% Charlie Brown Jr. - Abalando a Sua Fábrica ,Tudo Pro Alto
 100% Charlie Brown Jr. - Abalando a Sua Fábrica ,Como Tudo Deve Ser
 Bocas Ordinárias ,"Papo Reto (Prazer É Sexo, O Resto É Negócio)"
 Bocas Ordinárias ,Hoje Eu Só Procuro a Minha Paz
 Bocas Ordinárias ,Baader-Meinhof Blues
 Bocas Ordinárias ,Só Por Uma Noite
 Bocas Ordinárias ,My Mini Ramp
 Bocas Ordinárias ,"Bocas Ordinárias, Guerrilhas"
 Bocas Ordinárias ,Não Fure Os Olhos Da Verdade
 Bocas Ordinárias ,Sou Quem Eu Sou (O Que É Seu Também É Meu E O Que É Meu Não É Nosso)
 Bocas Ordinárias ,"Com Minha Loucura Faço Meu Dinheiro, Com Meu Dinheiro Faço Minhas Loucuras"
 Bocas Ordinárias ,Somos Poucos Mas Somos Loucos
 Bocas Ordinárias ,Com A Boca Amargando
 Bocas Ordinárias ,Tarja Preta
 Tamo Aí­ Na Atividade ,Malabarizando (Quem é de Fé Continua Com a Gente)
 Tamo Aí­ Na Atividade ,Champanhe e Água Benta
 Tamo Aí­ Na Atividade ,Tamo Aí na Atividade
 Tamo Aí­ Na Atividade ,"Eu Vim de Santos, Sou Charlie Brown"
 Tamo Aí­ Na Atividade ,So Far Away
 Tamo Aí­ Na Atividade ,Longe de Você
 Tamo Aí­ Na Atividade ,Di-SK8 Eu Vim
 Tamo Aí­ Na Atividade ,Di-SK8 Eu Vou
 Tamo Aí­ Na Atividade ,Vivendo Nesse Absurdo
 Tamo Aí­ Na Atividade ,Todos Iguais
 Tamo Aí­ Na Atividade ,Cheirando Cola
 Tamo Aí­ Na Atividade ,O Errado Que Deu Certo
 Tamo Aí­ Na Atividade ,Malokero SK8 Board
 Tamo Aí­ Na Atividade ,Indicados Para o Prêmio Nobel da Paz
 Tamo Aí­ Na Atividade ,Lixo e o Luxo
 Imunidade Musical ,Too Fast Live Too Young Too Die
 Imunidade Musical ,No Passo a Passo
 Imunidade Musical ,Lutar Pelo Que É Meu
 Imunidade Musical ,É Quente
 Imunidade Musical ,Onde Não Existe a Paz Não Existe o Amor
 Imunidade Musical ,Ela Vai Voltar (Todos os Defeitos de Uma Mulher Perfeita)
 Imunidade Musical ,O Mundo Explodiu Lá Fora
 Imunidade Musical ,Senhor do Tempo
 Imunidade Musical ,Liberdade Acima de Tudo
 Imunidade Musical ,Pra Não Dizer Que Não Falei Das Flores
 Imunidade Musical ,Abrir Seus Olhos
 Imunidade Musical ,Green Goés
 Imunidade Musical ,I Feel So Good Today
 Imunidade Musical ,Peso da Batida do Errado Que Deu Certo
 Imunidade Musical ,Aquela Paz
 Imunidade Musical ,Onde Está o Mundo Bom?
 Imunidade Musical ,O Nosso Blues
 Imunidade Musical ,O Futuro É o Labirinto Pra Quem Não Sabe o Que Quer
 Imunidade Musical ,Na Palma da Mão (O Ragga da Baixada)
 Imunidade Musical ,Skate Vibration
 Imunidade Musical ,Criando Anticorpos
 Imunidade Musical ,"Dias de Luta, Dias de Glória"
" Ritmo, Ritual e Responsa ",Pontes Indestrutíveis
" Ritmo, Ritual e Responsa ",O Que Ela Gosta É de Barriga
" Ritmo, Ritual e Responsa ",Não Viva Em Vão
" Ritmo, Ritual e Responsa ","Ritmo, Ritual e Responsa"
" Ritmo, Ritual e Responsa ",Be Myself
" Ritmo, Ritual e Responsa ",Uma Criança Com Seu Olhar
" Ritmo, Ritual e Responsa ",Liberdade É Tudo
" Ritmo, Ritual e Responsa ",O Universo a Nosso Favor
" Ritmo, Ritual e Responsa ",Ninguém Entende Você
" Ritmo, Ritual e Responsa ",Quando Tudo Aconteceu
" Ritmo, Ritual e Responsa ",Beco Sem Saída
" Ritmo, Ritual e Responsa ",Sem Medo da Escuridão
" Ritmo, Ritual e Responsa ","Nua, Linda e Inigualável"
" Ritmo, Ritual e Responsa ",Vida de Magnata
" Ritmo, Ritual e Responsa ",Que Espécie de Vermes São Vocês?
" Ritmo, Ritual e Responsa ",Buscando Um Novo Rumo
" Ritmo, Ritual e Responsa ",Curva de Hill
" Ritmo, Ritual e Responsa ",Direto e Reto Sempre
" Ritmo, Ritual e Responsa ",Skateboard Amor Eterno
" Ritmo, Ritual e Responsa ",Café Foundation
" Ritmo, Ritual e Responsa ",Paranormal
 Camisa 10 Joga Bola Até Na Chuva ,Dona Do Meu Pensamento
 Camisa 10 Joga Bola Até Na Chuva ,Me Encontra
 Camisa 10 Joga Bola Até Na Chuva ,Só Os Loucos Sabem
 Camisa 10 Joga Bola Até Na Chuva ,Inabalavelmente
 Camisa 10 Joga Bola Até Na Chuva ,Só Existe o Agora
 Camisa 10 Joga Bola Até Na Chuva ,Só Pra Vadiar
 Camisa 10 Joga Bola Até Na Chuva ,Puro Sangue
 Camisa 10 Joga Bola Até Na Chuva ,"O Dom, a Inteligência e a Voz"
 Camisa 10 Joga Bola Até Na Chuva ,Os Cortes
 Camisa 10 Joga Bola Até Na Chuva ,"Uma Só Vida pra Viver, Tenho Sede Nela Eu Vou"
 Camisa 10 Joga Bola Até Na Chuva ,Viver Dias de Sol
 Camisa 10 Joga Bola Até Na Chuva ,Comigo Ninguém Tira Onda
 Camisa 10 Joga Bola Até Na Chuva ,Camisa 10 - Joga Bola Até na Chuva (Bomba Sônica)
 La Familia 013  ,Um Dia a Gente Se Encontra
 La Familia 013  ,Fina Arte
 La Familia 013  ,Cheia de Vida
 La Familia 013  ,Meu Novo Mundo
 La Familia 013  ,"Do Jeito Que Gosto, do Jeito Que Eu Quero"
 La Familia 013  ,Rockstar
 La Familia 013  ,Vem Ser Minha
 La Familia 013  ,Hoje Sou Eu Que Não Mais Te Quero
 La Familia 013  ,Camisa Preta
 La Familia 013  ,Vou Me Embriagar de Você
 La Familia 013  ,A Mais Linda do Bar
 La Familia 013  ,Samba Triste
 La Familia 013  ,Contrastes da Vida
